INFO , cyclechronicles.Shop , accept , CustomerOne : FIXIE : PendingOrderRecords
INFO , cyclechronicles.Shop , repair , CustomerOne : FIXIE : PendingOrderRecords
INFO , cyclechronicles.Shop , repair , CustomerOne : FIXIE : CompletedOrderRecords
INFO , cyclechronicles.Shop , accept , CustomerOne : FIXIE : PendingOrderRecords
INFO , cyclechronicles.Shop , repair , CustomerOne : FIXIE : PendingOrderRecords
INFO , cyclechronicles.Shop , repair , CustomerOne : FIXIE : CompletedOrderRecords
INFO , cyclechronicles.Shop , accept , CustomerOne : FIXIE : PendingOrderRecords
INFO , cyclechronicles.Shop , repair , CustomerOne : FIXIE : PendingOrderRecords
INFO , cyclechronicles.Shop , repair , CustomerOne : FIXIE : CompletedOrderRecords
INFO , cyclechronicles.Shop , deliver , CustomerOne : FIXIE : PendingOrderRecords
INFO , cyclechronicles.Shop , accept , CustomerOne : FIXIE : PendingOrderRecords
INFO , cyclechronicles.Shop , repair , CustomerOne : FIXIE : PendingOrderRecords
INFO , cyclechronicles.Shop , repair , CustomerOne : FIXIE : CompletedOrderRecords
